local_datetime,update,episode_reward
2026-01-29 14:40:06.999,1,-109.96562837737352
2026-01-29 14:40:08.688,1,-239.7681107439994
2026-01-29 14:40:10.530,1,-194.43147999519434
2026-01-29 14:40:12.097,1,-99.05803584945485
2026-01-29 14:40:13.440,1,-111.93132875285136
2026-01-29 14:40:14.930,1,-170.27068514513547
2026-01-29 14:40:16.415,1,-109.2361561623949
2026-01-29 14:40:18.447,1,-139.25715345131087
2026-01-29 14:40:20.382,1,-322.23633829811365
2026-01-29 14:40:22.492,1,-140.66089821202974
2026-01-29 14:40:23.919,1,-101.94510355647334
2026-01-29 14:40:26.069,1,-117.96811981722094
2026-01-29 14:40:28.528,2,-217.03530719415596
2026-01-29 14:40:30.430,2,-148.7333921829874
2026-01-29 14:40:33.124,2,-397.478023546108
2026-01-29 14:40:34.459,2,-90.82496864130927
2026-01-29 14:40:36.311,2,-76.37547847246238
2026-01-29 14:40:38.015,2,-164.0945513646363
2026-01-29 14:40:40.312,2,-140.22729186386442
2026-01-29 14:40:42.068,2,-103.64062827437171
2026-01-29 14:40:44.388,2,-98.07591885969609
2026-01-29 14:40:46.347,2,-416.8941730330467
2026-01-29 14:40:49.776,3,-269.20777254263385
2026-01-29 14:40:51.225,3,-145.72223969904093
2026-01-29 14:40:53.712,3,-123.98167296960574
2026-01-29 14:40:55.569,3,-166.42978082635648
2026-01-29 14:40:57.429,3,-231.54275300140148
2026-01-29 14:40:58.844,3,-135.63552600528004
2026-01-29 14:41:00.780,3,-241.41960612970826
2026-01-29 14:41:02.029,3,-151.7665236558135
2026-01-29 14:41:03.625,3,-111.7636119326301
2026-01-29 14:41:06.218,3,-155.8465279528157
2026-01-29 14:41:07.646,3,-111.01518112336151
2026-01-29 14:41:09.276,3,-91.84129495146858
2026-01-29 14:41:11.410,4,-95.54601657657864
2026-01-29 14:41:13.979,4,-40.67414362394785
2026-01-29 14:41:15.305,4,-156.97358036689087
2026-01-29 14:41:16.972,4,-92.27086570804856
2026-01-29 14:41:18.566,4,-190.97706752539966
2026-01-29 14:41:20.779,4,-298.08892734631803
2026-01-29 14:41:23.133,4,-308.4803469802199
2026-01-29 14:41:25.147,4,-102.48499570000452
2026-01-29 14:41:26.588,4,-102.3666056042218
2026-01-29 14:41:29.155,4,-429.90538471921735
2026-01-29 14:41:30.483,4,-66.66474342735994
2026-01-29 14:41:32.056,4,-123.05490681997007
2026-01-29 14:41:34.442,5,-112.51569087913933
2026-01-29 14:41:35.818,5,-115.14604972280294
2026-01-29 14:41:37.492,5,-198.28329892241067
2026-01-29 14:41:39.596,5,-98.26533994398149
2026-01-29 14:41:41.232,5,-251.13179198165025
2026-01-29 14:41:43.213,5,-196.03492519177547
2026-01-29 14:41:45.029,5,-74.04595201458538
2026-01-29 14:41:47.659,5,-138.84380359985656
2026-01-29 14:41:49.451,5,-115.82937005690886
2026-01-29 14:41:51.329,5,-58.786595696088995
2026-01-29 14:41:53.390,5,-113.45690578873209
2026-01-29 14:41:56.133,6,-127.94396143807612
2026-01-29 14:41:58.631,6,-268.01535776199825
2026-01-29 14:42:00.327,6,-134.60298303193662
2026-01-29 14:42:02.825,6,-205.66115336888072
2026-01-29 14:42:04.560,6,-112.91787522734244
2026-01-29 14:42:07.196,6,-330.6430279044007
2026-01-29 14:42:09.024,6,-67.83481726454934
2026-01-29 14:42:10.823,6,-214.9682339773006
2026-01-29 14:42:12.902,6,-158.45841373812846
2026-01-29 14:42:14.737,6,-127.06013665433879
2026-01-29 14:42:17.801,7,-79.35843929685606
2026-01-29 14:42:19.872,7,-179.81645080277264
2026-01-29 14:42:21.096,7,-177.94383079464507
2026-01-29 14:42:23.304,7,-235.65707485400347
2026-01-29 14:42:25.037,7,-118.41633980014838
2026-01-29 14:42:27.026,7,-147.58889687221134
2026-01-29 14:42:29.887,7,-313.4997490256457
2026-01-29 14:42:32.191,7,-375.98586260383695
2026-01-29 14:42:33.783,7,-100.61308252253788
2026-01-29 14:42:35.611,7,-169.6980547040787
2026-01-29 14:42:37.001,7,-71.1745891054336
2026-01-29 14:42:39.272,8,-117.36978577044644
2026-01-29 14:42:40.581,8,-82.06574243396952
2026-01-29 14:42:42.440,8,-145.82278273118402
2026-01-29 14:42:43.791,8,-76.97567558269745
2026-01-29 14:42:46.172,8,-76.76068857135166
2026-01-29 14:42:47.565,8,-63.4423055292161
2026-01-29 14:42:50.573,8,-316.7014962226471
2026-01-29 14:42:53.073,8,-62.13504433752793
2026-01-29 14:42:54.446,8,-116.03883971630312
2026-01-29 14:42:55.942,8,-81.00761669295284
2026-01-29 14:42:58.167,8,-224.12908755554568
2026-01-29 14:43:01.753,9,-90.17604794448347
2026-01-29 14:43:04.012,9,-106.67918758233515
2026-01-29 14:43:06.112,9,-115.50828286601244
2026-01-29 14:43:08.088,9,-102.13473078718255
2026-01-29 14:43:09.668,9,-71.8917375577748
2026-01-29 14:43:11.541,9,-61.319620452910684
2026-01-29 14:43:13.493,9,27.96667763297897
2026-01-29 14:43:16.173,9,-17.397956012955348
2026-01-29 14:43:18.225,9,-102.96549112868134
2026-01-29 14:43:21.900,10,-180.9801773901424
2026-01-29 14:43:24.673,10,-322.08562699999186
2026-01-29 14:43:26.843,10,-111.40330140639989
2026-01-29 14:43:29.134,10,-105.5217307544485
2026-01-29 14:43:31.101,10,-228.8414907861773
2026-01-29 14:43:32.689,10,-117.14458875416152
2026-01-29 14:43:35.390,10,-125.14596005070062
2026-01-29 14:43:37.826,10,-136.06372000549828
2026-01-29 14:43:39.398,10,-73.56613278013862
2026-01-29 14:43:41.009,10,-106.5022685796162
2026-01-29 14:43:44.209,11,-133.60567735140717
2026-01-29 14:43:46.112,11,-137.06445600412044
2026-01-29 14:43:48.382,11,-134.2807652061765
2026-01-29 14:43:51.314,11,-139.4380545157087
2026-01-29 14:43:53.124,11,-234.64662350380829
2026-01-29 14:43:54.799,11,-130.02287803288147
2026-01-29 14:43:56.953,11,-98.87940094372472
2026-01-29 14:43:58.392,11,-137.34276748478985
2026-01-29 14:44:00.843,11,-181.9235592217841
2026-01-29 14:44:02.626,11,-109.21285733421195
2026-01-29 14:44:04.163,11,-194.44698111510462
2026-01-29 14:44:06.850,12,-72.20353321115593
2026-01-29 14:44:08.387,12,-96.93977334037717
2026-01-29 14:44:10.183,12,-201.1604305460761
2026-01-29 14:44:13.474,12,-26.280226696470166
2026-01-29 14:44:15.447,12,-30.394182587015862
2026-01-29 14:44:17.574,12,-239.31437652813173
2026-01-29 14:44:20.477,12,-182.26817557971458
2026-01-29 14:44:22.673,12,-156.72622201063203
2026-01-29 14:44:24.547,12,-116.56210424706907
2026-01-29 14:44:26.836,13,-100.64119007339342
2026-01-29 14:44:29.471,13,-85.3672354322683
2026-01-29 14:44:32.433,13,-252.09443787133551
2026-01-29 14:44:33.882,13,-89.37881217155842
2026-01-29 14:44:35.454,13,-90.71214668164362
2026-01-29 14:44:37.608,13,-213.1370361399584
2026-01-29 14:44:39.379,13,-47.876296352549765
2026-01-29 14:44:40.827,13,-37.88831996445904
2026-01-29 14:44:42.860,13,-244.29708252906636
2026-01-29 14:44:45.476,13,-197.08629902099386
2026-01-29 14:44:47.249,13,-129.648465299246
2026-01-29 14:44:50.546,14,-92.41354607047252
2026-01-29 14:44:53.694,14,-238.71236700498577
2026-01-29 14:44:55.288,14,-53.658398267179905
2026-01-29 14:44:57.882,14,-182.2893550518505
2026-01-29 14:44:59.615,14,-110.40827898373635
2026-01-29 14:45:01.435,14,-80.38868381367857
2026-01-29 14:45:04.031,14,-169.82433466248727
2026-01-29 14:45:06.284,14,-111.57330265845198
2026-01-29 14:45:10.403,15,-243.33473651641864
2026-01-29 14:45:13.242,15,-142.09915668893152
2026-01-29 14:45:14.980,15,-79.19539774864433
2026-01-29 14:45:18.043,15,-176.04936869949842
2026-01-29 14:45:20.205,15,-225.40902725450638
2026-01-29 14:45:22.468,15,-114.42541194950729
2026-01-29 14:45:24.564,15,-163.41221595760848
2026-01-29 14:45:26.278,15,-102.93728061841108
2026-01-29 14:45:28.960,15,-105.30133354016543
2026-01-29 14:45:33.232,16,-114.24269984578899
2026-01-29 14:45:34.802,16,-77.18280669951453
2026-01-29 14:45:36.913,16,-69.47583210656069
2026-01-29 14:45:38.830,16,-110.26189652438549
2026-01-29 14:45:40.923,16,-116.43293188040886
2026-01-29 14:45:44.059,16,-169.41790685688977
2026-01-29 14:45:45.969,16,-118.90559380136557
2026-01-29 14:45:48.079,16,-94.72618547735226
2026-01-29 14:45:49.682,16,-77.65299528496266
2026-01-29 14:45:51.735,16,-33.7827868643552
2026-01-29 14:45:55.424,17,-86.924738997004
2026-01-29 14:45:57.755,17,-201.66235686390266
2026-01-29 14:46:00.250,17,-161.29342693577888
2026-01-29 14:46:02.163,17,-256.70785885387147
2026-01-29 14:46:04.736,17,-237.7456822649927
2026-01-29 14:46:06.506,17,-222.14681427008662
2026-01-29 14:46:08.891,17,-167.8824051396209
2026-01-29 14:46:11.113,17,-194.0945997398881
2026-01-29 14:46:13.890,17,-319.5172656407009
2026-01-29 14:46:18.805,18,-396.46679508694285
2026-01-29 14:46:21.320,18,-180.33622744908143
2026-01-29 14:46:24.412,18,-533.3836968469402
2026-01-29 14:46:26.350,18,-56.571074603926924
2026-01-29 14:46:29.284,18,-209.26262917531878
2026-01-29 14:46:31.565,18,-149.76331657439292
2026-01-29 14:46:34.103,18,-23.03143502011062
2026-01-29 14:46:38.657,19,-235.79166446638604
2026-01-29 14:46:41.699,19,-329.3985350469339
2026-01-29 14:46:44.788,19,-85.83929897391211
2026-01-29 14:46:46.799,19,-52.61739152914327
2026-01-29 14:46:49.078,19,-170.1898305543412
2026-01-29 14:46:51.658,19,-257.6844650367211
2026-01-29 14:46:55.684,19,-265.29238339225225
2026-01-29 14:47:00.305,20,-90.58245901598127
2026-01-29 14:47:02.090,20,-68.59614357256393
2026-01-29 14:47:05.245,20,-84.52628149846451
2026-01-29 14:47:07.436,20,-38.499949685113236
2026-01-29 14:47:11.832,20,-116.20984376793115
2026-01-29 14:47:14.453,20,-247.30673395446382
2026-01-29 14:47:17.743,20,-277.78303044494834
2026-01-29 14:47:20.494,21,-151.0519890249608
2026-01-29 14:47:22.117,21,-89.8483257192845
2026-01-29 14:47:25.253,21,-318.9819635764553
2026-01-29 14:47:27.455,21,-146.706456891139
2026-01-29 14:47:29.661,21,-218.681299795484
2026-01-29 14:47:31.295,21,-122.33276876469775
2026-01-29 14:47:34.392,21,-209.3611814051141
2026-01-29 14:47:36.101,21,-50.61299018955137
2026-01-29 14:47:38.834,21,-112.89739760793108
2026-01-29 14:47:42.710,22,-22.302505125104318
2026-01-29 14:47:45.705,22,-167.26313727212067
2026-01-29 14:47:47.845,22,13.54962661755178
2026-01-29 14:47:50.171,22,-58.51591641613119
2026-01-29 14:47:52.410,22,-112.76316832163938
2026-01-29 14:47:55.285,22,-450.4958475625465
2026-01-29 14:47:57.572,22,-51.28251405902084
2026-01-29 14:47:59.826,22,-161.84615594374398
2026-01-29 14:48:01.498,22,-90.92303762752888
2026-01-29 14:48:06.355,23,-64.20092889194916
2026-01-29 14:48:08.609,23,-141.63998785808715
2026-01-29 14:48:11.630,23,-162.8183001920893
2026-01-29 14:48:14.157,23,-369.0131431878583
2026-01-29 14:48:16.817,23,-218.0819373879931
2026-01-29 14:48:19.746,23,-106.48083629114909
2026-01-29 14:48:21.536,23,-61.61960418886147
2026-01-29 14:48:25.067,24,-234.43569439424667
2026-01-29 14:48:28.584,24,-47.36042319757102
2026-01-29 14:48:30.904,24,-44.14359766242299
2026-01-29 14:48:32.670,24,-5.955966550925083
2026-01-29 14:48:36.475,24,-180.85742930183494
2026-01-29 14:48:38.213,24,-26.041418118139077
2026-01-29 14:48:40.108,24,-87.05620838273313
2026-01-29 14:48:42.925,24,-188.31689287434796
2026-01-29 14:48:45.162,24,-164.41107581791994
2026-01-29 14:48:48.277,25,-195.21074393876665
2026-01-29 14:48:50.079,25,-39.15135075239442
2026-01-29 14:48:53.230,25,-75.01897104589762
2026-01-29 14:48:57.110,25,-25.7531526652067
2026-01-29 14:48:59.642,25,-171.0761652786366
2026-01-29 14:49:02.553,25,-80.89598663158226
2026-01-29 14:49:05.553,25,-90.3697892068958
2026-01-29 14:49:08.676,26,-190.04558326029604
2026-01-29 14:49:12.711,26,-14.848972646272344
2026-01-29 14:49:16.500,26,-118.58466757125868
2026-01-29 14:49:18.554,26,-113.59996828287504
2026-01-29 14:49:21.820,26,-134.09866957986304
2026-01-29 14:49:23.733,26,-157.1525764614238
2026-01-29 14:49:27.597,26,-198.8606999984565
2026-01-29 14:49:32.697,27,-155.8183451695884
2026-01-29 14:49:36.353,27,-18.658707303326196
2026-01-29 14:49:39.781,27,-256.4841272085316
2026-01-29 14:49:42.033,27,-73.63432882683924
2026-01-29 14:49:46.120,27,-127.67180649703297
2026-01-29 14:49:49.304,27,-106.00198230129753
2026-01-29 14:49:53.976,28,-186.4918938459747
2026-01-29 14:49:56.914,28,2.9061737452150567
2026-01-29 14:50:02.906,28,-330.3063443417028
2026-01-29 14:50:06.041,28,-290.3213912916984
2026-01-29 14:50:08.983,28,-204.9924505954804
2026-01-29 14:50:11.356,28,-58.05789703393951
2026-01-29 14:50:14.445,29,-2.886280965983758
2026-01-29 14:50:18.736,29,-94.66247149484894
2026-01-29 14:50:21.213,29,-291.14529885778927
2026-01-29 14:50:23.935,29,-133.83030820749488
2026-01-29 14:50:27.103,29,-205.34305292331084
2026-01-29 14:50:32.500,29,-422.16541323600103
2026-01-29 14:50:39.133,30,-370.9821726630031
2026-01-29 14:50:44.382,30,-217.80444474205356
2026-01-29 14:50:48.298,30,-400.6144829579393
2026-01-29 14:50:50.802,30,-15.946348502173493
2026-01-29 14:50:53.601,30,-20.07264181541025
2026-01-29 14:50:56.643,31,-85.62183801597611
2026-01-29 14:50:58.455,31,-58.166839533596104
2026-01-29 14:51:02.710,31,-237.91441328234603
2026-01-29 14:51:06.753,31,22.374311764900696
2026-01-29 14:51:08.766,31,-35.76984732714608
2026-01-29 14:51:11.193,31,-45.93580995815047
2026-01-29 14:51:15.466,31,-338.1163298705919
2026-01-29 14:51:18.928,32,-8.344957259039617
2026-01-29 14:51:22.210,32,1.733775987815548
2026-01-29 14:51:24.965,32,-0.2505961578610538
2026-01-29 14:51:28.552,32,-59.08614731042446
2026-01-29 14:51:30.856,32,-39.04964254587428
2026-01-29 14:51:34.082,32,-155.26192741487552
2026-01-29 14:51:39.291,33,-141.93876912500434
2026-01-29 14:51:42.400,33,-81.32995974849474
2026-01-29 14:51:45.480,33,-92.19296019393293
2026-01-29 14:51:50.035,33,-136.85876581803225
2026-01-29 14:51:53.821,33,-132.71375402232354
2026-01-29 14:51:56.395,33,-20.086190572761225
2026-01-29 14:51:58.634,33,-33.898636122852764
2026-01-29 14:52:01.914,34,42.63502589045487
2026-01-29 14:52:04.384,34,9.504039686213162
2026-01-29 14:52:09.996,34,-310.11752906494684
2026-01-29 14:52:13.895,34,-81.03234346393425
2026-01-29 14:52:18.941,34,-164.75923112280603
2026-01-29 14:52:24.024,35,-233.38207095025524
2026-01-29 14:52:44.893,36,61.53825430122827
2026-01-29 14:52:53.555,36,-48.80762176612457
2026-01-29 14:52:57.125,36,-252.5021730313187
2026-01-29 14:53:01.825,36,-109.21399267309218
2026-01-29 14:53:05.369,37,-126.92514409181133
2026-01-29 14:53:09.136,37,25.5534900004687
2026-01-29 14:53:17.163,37,-312.13855343391725
2026-01-29 14:53:20.339,37,-50.35185414957138
2026-01-29 14:53:24.915,37,-119.26096891347487
2026-01-29 14:53:30.634,38,-58.85080035905564
2026-01-29 14:53:33.844,38,-9.531083234612154
2026-01-29 14:53:37.769,38,28.56659632296433
2026-01-29 14:53:40.557,38,-44.604256284245324
2026-01-29 14:53:44.154,38,-178.14831828358993
2026-01-29 14:53:49.926,39,5.995230435770495
2026-01-29 14:53:53.855,39,-48.80763628468203
2026-01-29 14:53:57.027,39,-165.64466958634722
2026-01-29 14:54:01.198,39,-3.67666594404173
2026-01-29 14:54:04.571,39,-21.903561839205523
2026-01-29 14:54:09.230,40,-172.81780509933273
2026-01-29 14:54:13.302,40,2.9251637223147355
2026-01-29 14:54:15.443,40,-12.350766770740293
2026-01-29 14:54:19.757,40,-45.8168642670025
2026-01-29 14:54:24.217,40,30.199040489593273
2026-01-29 14:54:26.875,40,-61.17444521672848
2026-01-29 14:54:31.351,41,-13.207732963930056
2026-01-29 14:54:36.499,41,-211.64398200032014
2026-01-29 14:54:40.974,41,4.080894606884016
2026-01-29 14:54:47.537,41,-92.97487800787172
2026-01-29 14:54:52.252,42,-165.14721584558723
2026-01-29 14:54:55.853,42,23.98780724005583
2026-01-29 14:55:05.343,42,-233.96379675994518
2026-01-29 14:55:08.385,42,-15.022159552986253
2026-01-29 14:55:13.972,43,-83.55015957918287
2026-01-29 14:55:17.745,43,-179.6065646933617
2026-01-29 14:55:38.582,44,62.883470697478536
2026-01-29 14:55:42.246,44,10.581438513202457
2026-01-29 14:55:50.559,44,-104.32366275325045
2026-01-29 14:55:54.562,44,-50.50544395930734
2026-01-29 14:55:58.979,45,-205.58287603214728
2026-01-29 14:56:05.404,45,16.99092557352165
2026-01-29 14:56:10.203,45,-60.02348084796015
2026-01-29 14:56:31.067,46,56.71793618450268
2026-01-29 14:56:36.128,46,-42.607193584550004
2026-01-29 14:56:42.302,47,-37.59120556531296
2026-01-29 14:56:46.472,47,-68.62340612639619
2026-01-29 14:56:51.233,47,-67.21954722149619
2026-01-29 14:56:54.020,47,-11.633012934038732
2026-01-29 14:57:14.874,48,127.21654039833456
2026-01-29 14:57:35.654,49,77.8223334618487
2026-01-29 14:57:43.972,50,-29.83060569410881
2026-01-29 14:57:48.699,50,9.412679469832582
2026-01-29 14:57:53.092,50,-90.83579409980044
2026-01-29 14:57:56.196,50,-171.2504152615429
2026-01-29 14:58:03.192,50,-81.85715358557596
2026-01-29 14:58:06.313,51,28.79965975934465
2026-01-29 14:58:27.085,52,104.69982207274501
2026-01-29 14:58:47.887,53,156.1162925704718
2026-01-29 14:58:57.113,53,-107.67802127767462
2026-01-29 14:59:00.178,53,12.358433020726494
2026-01-29 14:59:04.416,53,28.603512637927537
2026-01-29 14:59:08.679,54,-72.74174968582791
2026-01-29 14:59:29.698,55,116.16816965867463
2026-01-29 14:59:38.634,55,-59.13945480508798
2026-01-29 14:59:59.470,56,103.35701823471193
2026-01-29 15:00:20.278,57,-26.613619390102873
2026-01-29 15:00:25.540,57,-59.07698307525992
2026-01-29 15:00:29.458,57,-18.94978008871044
2026-01-29 15:00:36.319,58,-45.713744895866824
2026-01-29 15:00:40.841,58,16.9212444383801
2026-01-29 15:00:47.490,58,-29.78577417613664
2026-01-29 15:00:51.813,58,-12.899018508967217
2026-01-29 15:00:57.402,59,-56.966500724730324
2026-01-29 15:01:03.305,59,8.901887799184138
2026-01-29 15:01:07.045,59,4.0086417499612
2026-01-29 15:01:10.659,59,-40.24337894937054
2026-01-29 15:01:17.947,60,-9.692830975533724
2026-01-29 15:01:22.198,60,14.412231843304
2026-01-29 15:01:26.878,60,-22.585296210764923
2026-01-29 15:01:29.073,60,24.215324843015168
2026-01-29 15:01:32.461,60,-141.57418932507468
2026-01-29 15:01:37.288,60,18.841504982552493
2026-01-29 15:01:43.796,61,-21.432069953992325
2026-01-29 15:01:48.549,61,32.24882073199589
2026-01-29 15:01:55.414,61,-125.08865621769829
2026-01-29 15:02:16.329,62,94.74468878001026
2026-01-29 15:02:22.680,63,-13.298706614778524
2026-01-29 15:02:43.472,64,148.15756401469002
2026-01-29 15:02:49.159,64,27.26909659847344
2026-01-29 15:03:09.967,65,99.11994111251767
2026-01-29 15:03:16.422,65,-6.476555327893919
2026-01-29 15:03:20.424,65,5.129755419266502
2026-01-29 15:03:41.285,66,66.0171510654561
2026-01-29 15:04:02.059,67,83.66859668993088
2026-01-29 15:04:06.740,67,-44.82811923994737
2026-01-29 15:04:12.169,68,-72.57228882356813
2026-01-29 15:04:16.619,68,-182.37450017740053
2026-01-29 15:04:22.701,68,21.410653768318838
2026-01-29 15:04:27.033,68,9.412147178327842
2026-01-29 15:04:31.038,69,43.01929999248492
2026-01-29 15:04:35.417,69,53.66773739767598
2026-01-29 15:04:39.540,69,-28.496970200118284
2026-01-29 15:04:44.205,69,-0.9162273209992122
2026-01-29 15:04:52.413,70,-25.621839414950983
2026-01-29 15:05:13.257,71,125.21813917104997
2026-01-29 15:05:16.955,71,13.661868622346574
2026-01-29 15:05:22.734,71,-5.39071317612418
2026-01-29 15:05:28.238,71,10.787882467536221
2026-01-29 15:05:33.697,72,29.984703720716027
2026-01-29 15:05:38.053,72,19.67358059051317
2026-01-29 15:05:58.928,73,91.04347673053545
2026-01-29 15:06:06.004,73,-0.2767502181415722
2026-01-29 15:06:10.575,73,-18.710346802289195
2026-01-29 15:06:14.270,73,12.175973077058856
2026-01-29 15:06:19.965,74,13.203661951389023
2026-01-29 15:06:23.519,74,-45.82798875678887
2026-01-29 15:06:26.974,74,30.527644755639187
2026-01-29 15:06:30.943,74,29.413888928788367
2026-01-29 15:06:35.431,74,-73.18546724244855
2026-01-29 15:06:40.770,75,-15.964207440239718
2026-01-29 15:06:44.351,75,7.717025564731742
2026-01-29 15:06:52.594,75,-7.038307218169919
2026-01-29 15:06:58.291,75,-1.1762890817809364
2026-01-29 15:07:08.117,76,-47.64416891964173
2026-01-29 15:07:14.422,76,-17.95910799246674
2026-01-29 15:07:35.657,77,107.84830068468858
2026-01-29 15:07:42.614,78,11.765846360390483
2026-01-29 15:07:47.398,78,-36.61645465233347
2026-01-29 15:07:56.135,78,-71.71245523811605
2026-01-29 15:08:00.532,78,-17.76064440239321
2026-01-29 15:08:21.803,79,54.34172169733681
2026-01-29 15:08:42.684,80,90.048516523535
2026-01-29 15:09:03.866,81,101.33539610927272
2026-01-29 15:09:11.241,82,-3.91407819628526
2026-01-29 15:09:32.530,83,76.89908698924106
2026-01-29 15:09:39.140,83,-60.78074887081408
2026-01-29 15:09:44.165,83,9.512031849573631
2026-01-29 15:09:52.433,84,-57.501122096467085
2026-01-29 15:10:07.496,84,-127.65537196814583
2026-01-29 15:10:28.313,85,121.91963302755414
2026-01-29 15:10:49.086,86,7.360378099068136
2026-01-29 15:11:09.976,87,107.41921749250041
2026-01-29 15:11:30.717,88,91.80932123138356
2026-01-29 15:11:37.631,88,23.99436280077937
2026-01-29 15:11:58.548,89,24.88693354844841
2026-01-29 15:12:19.264,90,-92.15813004110628
2026-01-29 15:12:36.253,91,-242.29334011892072
2026-01-29 15:12:57.208,92,137.50578162430662
2026-01-29 15:13:18.212,93,123.39504575754273
2026-01-29 15:13:39.383,94,48.894841981879594
2026-01-29 15:14:00.650,95,42.91290115008805
2026-01-29 15:14:21.945,96,121.62114935919074
2026-01-29 15:14:36.383,97,-91.100692699763
2026-01-29 15:14:57.551,98,-3.141957938921582
2026-01-29 15:15:11.460,98,-110.9364662694438
2026-01-29 15:15:32.874,99,74.76999069116579
2026-01-29 15:15:43.517,100,-38.858477780215
2026-01-29 15:15:58.507,101,-59.07631540010003
2026-01-29 15:16:19.416,102,-11.765978645757022
2026-01-29 15:16:40.167,103,68.92477085353167
2026-01-29 15:17:00.326,103,141.603974896894
2026-01-29 15:17:21.159,104,43.89207962273358
2026-01-29 15:17:42.041,105,30.140689842827193
2026-01-29 15:18:03.021,106,65.46386045378003
2026-01-29 15:18:23.855,107,37.66938617973657
2026-01-29 15:18:44.723,108,-20.418405284444297
2026-01-29 15:19:05.506,109,72.51973019837418
2026-01-29 15:19:26.273,110,-52.41134531446942
2026-01-29 15:19:39.944,111,-51.15057667584609
2026-01-29 15:20:00.722,112,-49.078602423270254
2026-01-29 15:20:21.648,113,-54.01029322642024
2026-01-29 15:20:42.520,114,-175.94495341713133
2026-01-29 15:21:03.329,115,-115.42570273915118
2026-01-29 15:21:24.216,116,-34.18989514763393
2026-01-29 15:21:44.997,117,2.3791598509062926
2026-01-29 15:22:05.877,118,-4.723086972619636
2026-01-29 15:22:26.841,119,-47.95027181604155
2026-01-29 15:22:47.757,120,-82.4716793420537
2026-01-29 15:23:09.113,121,48.33506709223727
2026-01-29 15:23:27.629,122,-88.64028061103761
2026-01-29 15:23:48.487,123,12.243384942230678
2026-01-29 15:24:09.439,124,45.031716598775084
2026-01-29 15:24:30.485,125,-75.9657459659998
2026-01-29 15:24:50.642,125,-135.18207689911114
2026-01-29 15:25:11.665,126,-34.655642688648825
2026-01-29 15:25:32.757,127,-57.021063492797445
2026-01-29 15:25:54.375,128,2.3648605968901197
2026-01-29 15:26:15.657,129,-5.205237595646562
2026-01-29 15:26:37.839,130,-26.790492589848142
2026-01-29 15:26:58.850,131,-54.664897216534385
2026-01-29 15:27:19.710,132,-4.791961171630762
2026-01-29 15:27:40.602,133,-66.91577871046059
2026-01-29 15:28:01.638,134,-76.47496520985118
2026-01-29 15:28:22.524,135,-68.32403972695906
2026-01-29 15:28:43.333,136,-35.809199267209
2026-01-29 15:29:04.086,137,-50.48599504552707
2026-01-29 15:29:24.989,138,-31.861815633612434
2026-01-29 15:29:45.890,139,-78.8638534968642
2026-01-29 15:30:06.778,140,-25.487795035542085
2026-01-29 15:30:27.653,141,-12.199034934411769
2026-01-29 15:30:49.105,142,-20.31733801626787
2026-01-29 15:31:09.960,143,-46.08196925641216
2026-01-29 15:31:30.804,144,-43.226679171765014
2026-01-29 15:31:51.667,145,-52.733131643637606
2026-01-29 15:32:11.891,146,128.92629022627807
2026-01-29 15:32:32.824,147,-44.035471336018624
2026-01-29 15:32:53.686,148,-36.704836515575124
2026-01-29 15:33:14.698,149,-56.36249652196568
2026-01-29 15:33:35.560,150,-61.03399704055182
2026-01-29 15:33:56.457,151,2.085402887203587
2026-01-29 15:34:17.297,152,-40.743076815330255
2026-01-29 15:34:38.134,153,-21.64343159256106
2026-01-29 15:34:59.006,154,-67.12166516430263
2026-01-29 15:35:19.922,155,-69.51803561938942
2026-01-29 15:35:40.871,156,-88.4015031812005
2026-01-29 15:35:58.651,157,-108.76523293485857
2026-01-29 15:36:19.566,158,-90.40463038986992
2026-01-29 15:36:40.473,159,-93.09453100993808
2026-01-29 15:37:00.661,159,-19.41878337226777
2026-01-29 15:37:21.579,160,-41.41465766595805
2026-01-29 15:37:42.459,161,-87.65605058171704
2026-01-29 15:38:03.393,162,-53.987858828514966
2026-01-29 15:38:24.438,163,-32.91814248649018
2026-01-29 15:38:45.619,164,-44.60671212470025
2026-01-29 15:39:06.441,165,-30.584419402754847
2026-01-29 15:39:27.370,166,-61.24774371280714
2026-01-29 15:39:48.238,167,-83.73912540680561
2026-01-29 15:40:09.041,168,-34.17396976228725
2026-01-29 15:40:30.122,169,-67.5909992092512
2026-01-29 15:40:50.955,170,-69.02166998770096
2026-01-29 15:41:11.801,171,-68.67407753969792
2026-01-29 15:41:32.603,172,-89.24094636203823
2026-01-29 15:41:53.510,173,-49.448470207430745
2026-01-29 15:42:14.495,174,-96.55062102089646
2026-01-29 15:42:35.374,175,-58.12540521935633
2026-01-29 15:42:56.340,176,-68.86983119409878
2026-01-29 15:43:17.426,177,-53.37994115237461
2026-01-29 15:43:38.257,178,-53.93846549273936
2026-01-29 15:43:59.048,179,-56.52948919027515
2026-01-29 15:44:20.004,180,-42.59213905515824
2026-01-29 15:44:40.790,181,-36.73219272684283
2026-01-29 15:45:01.536,182,-41.24281299317401
2026-01-29 15:45:22.530,183,-43.46660979382941
2026-01-29 15:45:43.395,184,-21.97950017704845
2026-01-29 15:46:04.182,185,-12.244234128634819
2026-01-29 15:46:24.910,186,-64.90397168708358
2026-01-29 15:46:45.958,187,-36.458973409719064
2026-01-29 15:47:06.896,188,-38.860255566005925
2026-01-29 15:47:27.876,189,-25.247927055268864
2026-01-29 15:47:48.960,190,-34.57744293056247
2026-01-29 15:48:09.898,191,-59.084967102829985
2026-01-29 15:48:31.099,192,-76.46874991377945
2026-01-29 15:48:52.064,193,6.226822535859229
2026-01-29 15:49:12.853,194,-27.818040716436983
2026-01-29 15:49:33.696,195,-61.410390315828366
2026-01-29 15:49:54.671,196,-18.65284375735256
2026-01-29 15:50:15.590,197,-48.23073372137908
2026-01-29 15:50:36.470,198,-20.904275053233423
2026-01-29 15:50:57.429,199,-12.202690294732779
2026-01-29 15:51:18.268,200,-39.43185764105972
2026-01-29 15:51:38.408,200,-18.562475997491553
2026-01-29 15:51:59.209,201,-5.230728048754708
2026-01-29 15:52:20.059,202,-19.20415646903503
2026-01-29 15:52:40.890,203,12.500850192963348
2026-01-29 15:53:01.887,204,-72.60585493209692
2026-01-29 15:53:22.709,205,-43.160143107261085
2026-01-29 15:53:43.625,206,-65.2311437828186
2026-01-29 15:54:04.443,207,-67.34305008749536
2026-01-29 15:54:25.308,208,-53.827625607092926
2026-01-29 15:54:46.136,209,-132.15908062947207
2026-01-29 15:55:06.943,210,-80.75604836674383
2026-01-29 15:55:27.943,211,-117.37824721524714
2026-01-29 15:55:48.686,212,-122.25802365470402
2026-01-29 15:56:09.576,213,-76.22997442074733
2026-01-29 15:56:30.358,214,-100.45575933267726
2026-01-29 15:56:51.115,215,-97.3079867104947
2026-01-29 15:57:11.930,216,-85.91604077633886
2026-01-29 15:57:32.787,217,-106.30536995687928
2026-01-29 15:57:53.663,218,-45.491355190869484
2026-01-29 15:58:14.683,219,-45.71057542572816
2026-01-29 15:58:35.462,220,-75.41729083736332
2026-01-29 15:58:56.278,221,-90.48193271281433
2026-01-29 15:59:17.133,222,-22.133435972890954
2026-01-29 15:59:37.966,223,-64.41336388286986
2026-01-29 15:59:58.765,224,-37.98970820026549
2026-01-29 16:00:19.548,225,-50.56258983164054
2026-01-29 16:00:40.459,226,-1.1687112758896447
2026-01-29 16:01:01.274,227,-31.88477229955977
2026-01-29 16:01:22.119,228,-15.011457250481264
2026-01-29 16:01:42.892,229,-50.6324925338143
2026-01-29 16:02:03.785,230,-55.51851317531752
2026-01-29 16:02:24.608,231,-35.70366228224531
2026-01-29 16:02:45.390,232,-45.34319623643011
2026-01-29 16:03:06.227,233,-36.28330244226284
2026-01-29 16:03:27.199,234,-11.21145765757148
2026-01-29 16:03:48.048,235,-42.26006578127873
2026-01-29 16:04:08.789,236,-18.50119792521277
2026-01-29 16:04:29.884,237,-55.944322618360914
2026-01-29 16:04:50.790,238,-28.717242353416726
2026-01-29 16:05:11.581,239,1.4047585952378094
2026-01-29 16:05:32.372,240,-36.2117133229167
2026-01-29 16:05:53.175,241,-5.150392605336973
2026-01-29 16:06:14.113,242,-13.893046011695306
2026-01-29 16:06:34.326,242,2.82555427756648
2026-01-29 16:06:55.119,243,-66.36565090180915
2026-01-29 16:07:15.941,244,-70.9373722041265
2026-01-29 16:07:36.772,245,-48.49795018377367
2026-01-29 16:07:57.601,246,-8.992065333707966
2026-01-29 16:08:18.353,247,-17.125777109561973
2026-01-29 16:08:39.854,248,-33.367796396031494
2026-01-29 16:09:00.754,249,-15.975180148664275
2026-01-29 16:09:21.566,250,-40.25238091180171
2026-01-29 16:09:42.407,251,-30.003502278905778
2026-01-29 16:10:03.293,252,-10.936369325765586
2026-01-29 16:10:24.248,253,-38.67665406638599
2026-01-29 16:10:45.082,254,-25.56119873562258
2026-01-29 16:11:05.898,255,-29.23525389140241
2026-01-29 16:11:26.825,256,-44.47498237036873
2026-01-29 16:11:47.676,257,-26.810042939091623
2026-01-29 16:12:08.480,258,-28.390144141186013
2026-01-29 16:12:29.241,259,-30.677449263412747
2026-01-29 16:12:49.948,260,-25.71040755980354
2026-01-29 16:13:10.768,261,-20.275299425655987
2026-01-29 16:13:31.601,262,-53.13390918875534
2026-01-29 16:13:52.413,263,-39.50925090975995
2026-01-29 16:14:13.386,264,-7.913462801956718
2026-01-29 16:14:34.165,265,-11.618975057593143
2026-01-29 16:14:55.105,266,-32.85619985016342
2026-01-29 16:15:16.016,267,-55.066321968280974
2026-01-29 16:15:36.892,268,-19.726472548068255
2026-01-29 16:15:57.704,269,-18.257627759982412
2026-01-29 16:16:18.581,270,-112.15545295844134
2026-01-29 16:16:39.659,271,-46.77716948054794
2026-01-29 16:17:00.648,272,-48.070247674654205
2026-01-29 16:17:21.560,273,-20.95246476715917
2026-01-29 16:17:42.434,274,-92.41560337092025
2026-01-29 16:18:03.340,275,-62.22522207084775
2026-01-29 16:18:24.179,276,-60.29534903212139
2026-01-29 16:18:45.122,277,-37.75890983209843
2026-01-29 16:19:06.443,278,-67.94251017969135
2026-01-29 16:19:27.261,279,-49.26292218674772
2026-01-29 16:19:48.169,280,-27.040446149630892
2026-01-29 16:20:08.954,281,-79.42882408072467
2026-01-29 16:20:29.677,282,-22.19651928260743
2026-01-29 16:20:50.504,283,-30.994590286277113
2026-01-29 16:21:11.338,284,-3.930881757591367
2026-01-29 16:21:31.557,284,-40.44381919028384
2026-01-29 16:21:52.289,285,-88.85923221902992
2026-01-29 16:22:13.143,286,-78.67994135190747
2026-01-29 16:22:33.991,287,-57.77561000818766
2026-01-29 16:22:54.841,288,-92.18668609673078
2026-01-29 16:23:15.598,289,-55.33566799116949
2026-01-29 16:23:36.322,290,-42.86864677965162
2026-01-29 16:23:57.151,291,-53.3560181393643
2026-01-29 16:24:17.996,292,-28.41932985329689
2026-01-29 16:24:38.897,293,-68.49345051579299
2026-01-29 16:24:59.628,294,-64.26111683895913
2026-01-29 16:25:20.458,295,-65.9456196580963
2026-01-29 16:25:41.298,296,-102.76117680253842
2026-01-29 16:26:02.178,297,-39.77279841769221
2026-01-29 16:26:22.937,298,-94.39878035277685
2026-01-29 16:26:43.788,299,-60.493459274950844
2026-01-29 16:27:04.822,300,-97.85100784071801
