local_datetime,update,policy_loss,value_loss,entropy,approx_kl,clipfrac,avg_reward_10
2026-01-29 14:40:27.919,1,-0.0010258377878926694,10.0,1.3846409767866135,0.00015528178482782096,0.0,-150.69952992401795
2026-01-29 14:40:49.589,2,-0.0024049269850365818,10.0,1.384021796286106,0.00029331035329960287,0.0,-185.3379733432638
2026-01-29 14:41:11.325,3,-0.0008036065264604986,10.0,1.3837376981973648,0.00022344985336530954,0.0,-152.12424785484416
2026-01-29 14:41:33.085,4,-0.00178519292967394,10.0,1.3817943707108498,0.0002166728809243068,0.0,-187.12674241976507
2026-01-29 14:41:54.896,5,-0.0012597547029145062,10.0,1.379836991429329,0.00023170137137640268,0.0,-135.98240329187928
2026-01-29 14:42:16.651,6,-0.0022950865095481277,10.0,1.3745794296264648,0.0002930166956502944,0.0,-174.8105960366952
2026-01-29 14:42:38.301,7,-0.0015405070735141635,10.0,1.3636605963110924,0.0006814792577642947,0.0,-189.03939310853139
2026-01-29 14:43:00.013,8,-0.0036375769414007664,10.0,1.3676047772169113,0.00034071836853399873,0.0009765625,-124.50792793733956
2026-01-29 14:43:21.636,9,-0.0024152726109605283,10.0,1.3687983453273773,0.0008841914241202176,0.000244140625,-86.42354642549026
2026-01-29 14:43:43.244,10,-0.0023129935143515468,10.0,1.3632119670510292,0.0006262086535571143,0.0,-150.72549975072752
2026-01-29 14:44:04.991,11,-0.0007617761148139834,10.0,1.3666655495762825,0.0002504492877051234,0.0,-149.72583433623106
2026-01-29 14:44:26.753,12,-0.0009749730816110969,10.0,1.3418044596910477,0.00024492152442689985,0.0,-131.62960058617472
2026-01-29 14:44:48.390,13,-0.0014473387273028493,10.0,1.354738138616085,0.0003164115478284657,0.0,-138.74861314630795
2026-01-29 14:45:09.993,14,-0.004125670122448355,10.0,1.3259583562612534,0.001269570188014768,0.0,-136.60030308330823
2026-01-29 14:45:31.618,15,-0.0029434298630803823,10.0,1.3224442154169083,0.0017666539788478985,0.0,-146.37372316321435
2026-01-29 14:45:53.188,16,-0.0034224095288664103,10.0,1.2884178385138512,0.0022492977877845988,0.0,-98.20816353415842
2026-01-29 14:46:14.856,17,-0.002279749431181699,10.0,1.2290218845009804,0.0008080548286670819,0.0,-188.17579355702014
2026-01-29 14:46:36.446,18,-0.0034011442912742496,10.0,1.244276575744152,0.0010117263882420957,0.00634765625,-223.03094452769238
2026-01-29 14:46:58.073,19,-0.0002812152961269021,10.0,1.2441423833370209,0.0002684811333892867,0.0,-177.88709497695123
2026-01-29 14:47:19.585,20,-0.00033063930459320545,10.0,1.2457668110728264,0.00016161649546120316,0.0,-161.66711209227807
2026-01-29 14:47:41.272,21,-0.0006908858194947243,10.0,1.2795532569289207,0.00017890959861688316,0.0,-169.82574034195662
2026-01-29 14:48:02.888,22,-0.006363915686961263,10.0,1.2506914734840393,0.0023460923839593306,0.013916015625,-121.47400533182152
2026-01-29 14:48:24.363,23,-0.0016277236863970757,10.0,1.2844589948654175,0.0005566248582908884,0.001708984375,-142.79064456282813
2026-01-29 14:48:45.984,24,-0.002684718812815845,10.0,1.271860659122467,0.0005392037564888597,0.0,-104.01983104890023
2026-01-29 14:49:07.564,25,-0.0023320934269577265,10.0,1.2750592678785324,0.0010061827779281884,0.0,-111.7260336594381
2026-01-29 14:49:29.256,26,-0.0036104248138144612,10.0,1.2224315032362938,0.0018110960518242791,0.0029296875,-126.95330789175603
2026-01-29 14:49:50.679,27,-0.004130088724195957,10.0,1.2064001336693764,0.001646264674491249,0.0029296875,-134.19812116292343
2026-01-29 14:50:12.231,28,-0.002423405763693154,10.0,1.1435542181134224,0.0017469273880124092,0.0068359375,-163.10560481972823
2026-01-29 14:50:33.690,29,-0.00475505345093552,10.0,1.1499402821063995,0.0025097379548242316,0.030029296875,-203.371090894825
2026-01-29 14:50:55.169,30,-0.003975841973442584,10.0,1.2007227912545204,0.002836491199559532,0.03125,-217.25666354000245
2026-01-29 14:51:16.857,31,-0.0008785828249529004,10.0,1.1933285146951675,0.0004290022770874202,0.0,-121.57842394984291
2026-01-29 14:51:38.462,32,-0.0022323118755593896,10.0,1.2155851125717163,0.0003920579329133034,0.0,-65.77071700912472
2026-01-29 14:52:00.078,33,-0.009537348989397287,10.0,1.1595530807971954,0.005072800282505341,0.05224609375,-89.2416752874576
2026-01-29 14:52:21.533,34,-0.0022099653142504394,10.0,1.1074722111225128,0.0007400372414849699,0.0,-91.95203448049219
2026-01-29 14:52:42.886,35,-0.004018887761048973,10.0,1.2575680762529373,0.0008284354844363406,0.002685546875,-106.07094555612441
2026-01-29 14:53:04.320,36,-0.004617507918737829,10.0,1.1217847988009453,0.001221679340233095,0.001220703125,-108.61376421945815
2026-01-29 14:53:25.717,37,-0.0022307293256744742,10.0,1.1032836809754372,0.0019534389284672216,0.0087890625,-116.54906347078686
2026-01-29 14:53:47.150,38,-0.003734006197191775,10.0,1.1062886267900467,0.0016435353754786775,0.007080078125,-84.5690892426845
2026-01-29 14:54:08.702,39,-0.0012920688604936004,10.0,1.1368571817874908,0.000366784879588522,0.0,-49.66051650570447
2026-01-29 14:54:30.380,40,-0.004406343738082796,10.0,1.1087469980120659,0.0014602572919102386,0.00341796875,-49.906821079617245
2026-01-29 14:54:51.746,41,-0.0029144493164494634,10.0,1.1108024641871452,0.00037895703280810267,0.0009765625,-57.27813755071338
2026-01-29 14:55:13.181,42,-0.001145098591223359,10.0,1.081023670732975,0.0010814849083544686,0.00390625,-73.4866468010836
2026-01-29 14:55:34.565,43,-0.00516817782772705,10.0,1.2105836868286133,0.001227716464200057,0.006591796875,-96.70477875562453
2026-01-29 14:55:55.908,44,-0.003272975387517363,10.0,1.1400748193264008,0.001253433059900999,0.0,-73.46662866928841
2026-01-29 14:56:17.229,45,-0.0034058130404446274,10.0,1.0108493715524673,0.0008254006825154647,0.001953125,-60.81585126339934
2026-01-29 14:56:38.678,46,-0.004145460901781917,10.0,1.200141817331314,0.0018800867110257968,0.01416015625,-49.54754509018716
2026-01-29 14:57:00.195,47,-0.0024810013128444552,10.0,1.0483009219169617,0.0005837398202857003,0.0,-47.00773045131845
2026-01-29 14:57:21.474,48,-0.0037962885689921677,10.0,1.2578486576676369,0.0017811369325499982,0.01953125,-29.23553201555426
2026-01-29 14:57:42.684,49,-0.005001354496926069,10.0,1.2187506034970284,0.001423265814082697,0.01708984375,-0.8950110661546631
2026-01-29 14:58:04.229,50,-0.0030897384276613593,10.0,1.02947386354208,0.00028586716507561505,0.000732421875,-30.67983815929434
2026-01-29 14:58:25.492,51,-0.002760613919235766,10.0,1.162173070013523,0.0038464898098027334,0.0439453125,-20.937531570720253
2026-01-29 14:58:46.779,52,-0.0054615698754787445,10.0,1.2110355123877525,0.006798511109082028,0.1015625,-3.745594641296134
2026-01-29 14:59:08.149,53,-0.0025616618804633617,10.0,1.0144614577293396,0.0010410527174826711,0.00146484375,-11.163098469354583
2026-01-29 14:59:29.654,54,-0.005050588282756507,10.0,1.1942748054862022,0.0009495234553469345,0.00537109375,-19.37854138492063
2026-01-29 14:59:51.028,55,-0.0034008126240223646,10.0,1.1526095494627953,0.0007324893522309139,0.0009765625,12.532951036572365
2026-01-29 15:00:12.315,56,-0.006100543891079724,10.0,1.1662931740283966,0.0024623674689792097,0.018798828125,31.054368218601155
2026-01-29 15:00:33.726,57,-0.0015823820140212774,10.0,1.1455999836325645,0.0013852119154762477,0.0009765625,-8.371247477062314
2026-01-29 15:00:55.134,58,-0.0038189011393114924,10.0,1.08003219217062,0.000830299366498366,0.001708984375,-1.573194260836523
2026-01-29 15:01:16.638,59,-0.005006535793654621,10.0,1.0332075133919716,0.0005135968240210786,0.001953125,-23.380340643151648
2026-01-29 15:01:38.063,60,-0.002365480235312134,10.0,0.9646116532385349,0.0005440996610559523,0.0,-20.06826049674572
2026-01-29 15:01:59.553,61,-0.001966637501027435,10.0,1.0437120124697685,0.0006967644148971885,0.0,-27.089853923156692
2026-01-29 15:02:20.963,62,-0.0018136545550078154,10.0,1.2151305601000786,0.0007178059022407979,0.0,-13.59104715021861
2026-01-29 15:02:42.240,63,-0.0015890996437519789,10.0,1.1926847696304321,0.0007215785299194977,0.0,-13.951634714143092
2026-01-29 15:03:03.545,64,-0.003908231854438782,10.0,1.1167558878660202,0.0024425864539807662,0.015869140625,4.408337783919346
2026-01-29 15:03:24.929,65,-0.0008903151610866189,10.0,1.1057830229401588,0.0004507924895733595,0.0,24.037387854259073
2026-01-29 15:03:46.256,66,-0.0015833082725293934,10.0,1.0451697036623955,0.0007396866276394576,0.00244140625,32.78230995620392
2026-01-29 15:04:07.551,67,-0.0022898442693986,10.0,1.0874532908201218,0.0005043978308094665,0.0009765625,45.95034124977251
2026-01-29 15:04:29.009,68,-0.0021119825541973114,10.0,0.9856692664325237,0.0009554458811180666,0.002685546875,-2.1493218334992092
2026-01-29 15:04:50.537,69,-0.0026282825274392962,10.0,0.9961841329932213,0.0009573606221238151,0.0,-11.800967073529506
2026-01-29 15:05:11.858,70,-0.0017770150152500719,10.0,1.136482298374176,0.0005225100030656904,0.000244140625,-22.730010684017692
2026-01-29 15:05:33.373,71,-0.001240887795574963,10.0,1.0504502430558205,0.00044308521319180727,0.0,19.534132471722888
2026-01-29 15:05:54.853,72,-0.00516168272588402,10.0,1.098885990679264,0.0031059091998031363,0.015380859375,19.256816185764528
2026-01-29 15:06:16.182,73,-0.002529288292862475,10.0,1.0086774863302708,0.0016215199138969183,0.01171875,27.816781418320137
2026-01-29 15:06:37.581,74,-0.0009912332170642912,10.0,0.8916220515966415,0.0002333718293812126,0.0,5.803767301425587
2026-01-29 15:06:59.126,75,-0.0011731595150195062,10.0,0.9873354062438011,0.0003400708665139973,0.000244140625,-5.015406546182082
2026-01-29 15:07:20.946,76,-0.004399582569021732,10.0,1.0385234877467155,0.001918335969094187,0.014404296875,-14.113697740237717
2026-01-29 15:07:42.208,77,-0.00314888299908489,10.0,1.1302122920751572,0.002492163926945068,0.029052734375,1.253931203910028
2026-01-29 15:08:04.036,78,-0.000992851797491312,10.0,0.9860523380339146,0.0003392740181880072,0.0,-7.257625489509126
2026-01-29 15:08:25.399,79,-0.0006306020659394562,10.0,1.0987387299537659,0.00024512289382983,0.0,-2.5951558762486187
2026-01-29 15:08:47.060,80,-0.0046774763613939285,10.0,1.1248632371425629,0.0018127430957974866,0.008544921875,7.113526497921873
2026-01-29 15:09:08.848,81,-0.0016004500212147832,10.0,1.126080796122551,0.0016216505027841777,0.0,17.364695017027238
2026-01-29 15:09:30.632,82,-0.0012779738171957433,10.0,0.8431405536830425,0.0008974826050689444,0.007568359375,21.737704089362886
2026-01-29 15:09:51.984,83,-0.003510870039463043,10.0,0.9468679502606392,0.0005385679978644475,0.00048828125,14.135237180901715
2026-01-29 15:10:13.337,84,-0.0013212533667683601,10.0,1.011751689016819,0.001126530405599624,0.0009765625,6.452478763485376
2026-01-29 15:10:34.596,85,-0.0025520850904285908,10.0,1.1513779535889626,0.000611427312833257,0.0,20.420506506480113
2026-01-29 15:10:55.989,86,-0.0017412870074622333,10.0,1.0364664644002914,0.0005886490253033116,0.00146484375,15.722372146653246
2026-01-29 15:11:17.175,87,-0.001806207001209259,10.0,1.0472050234675407,0.0004439848125912249,0.000244140625,17.459442243549784
2026-01-29 15:11:38.629,88,-0.0010302901500836015,10.0,1.00714673101902,0.0006493532418971881,0.0,19.297678855467332
2026-01-29 15:11:59.860,89,-0.003032155509572476,10.0,0.9585898853838444,0.0018322275282116607,0.01611328125,14.096463511388071
2026-01-29 15:12:21.334,90,-0.002753223932813853,10.0,0.9625319540500641,0.0020370083511807024,0.01904296875,10.958725394358847
2026-01-29 15:12:42.702,91,-0.0005553994560614228,10.0,0.8505351431667805,0.0013019107427680865,0.006591796875,-14.221811802490588
2026-01-29 15:13:04.228,92,-0.0018830196931958199,10.0,1.0081922970712185,0.00043041756725870073,0.004150390625,5.278878569586783
2026-01-29 15:13:25.852,93,-0.001518511795438826,10.0,1.0886251106858253,0.0005775450554210693,0.00048828125,30.38392034215564
2026-01-29 15:13:47.460,94,-0.0003177348989993334,10.0,0.8404281176626682,0.0004962327802786604,0.0,23.081441237588184
2026-01-29 15:14:09.396,95,-0.004780543269589543,10.0,0.9536671601235867,0.0012406432797433808,0.009033203125,26.636693542690175
2026-01-29 15:14:30.949,96,-0.002105274354107678,10.0,1.0585171729326248,0.0008589238423155621,0.0,28.056886729359206
2026-01-29 15:14:52.517,97,-0.00574609765317291,10.0,1.0257852002978325,0.002413590525975451,0.012939453125,9.765885336244553
2026-01-29 15:15:14.519,98,-4.634616198018193e-05,10.0,1.0381227731704712,0.0009518681763438508,0.001220703125,-6.530086719514763
2026-01-29 15:15:35.961,99,-0.0010529779829084873,10.0,1.0364222303032875,0.0004525825352175161,0.0,10.162725353712442
2026-01-29 15:15:57.236,100,-0.002035040408372879,10.0,1.0131386518478394,0.000686185565427877,0.0,30.506211587583017
2026-01-29 15:16:18.632,101,-0.0002503994619473815,10.0,1.026058554649353,0.00034747272729873657,0.0,10.848001885142349
2026-01-29 15:16:39.865,102,-0.0012034173705615103,10.0,1.0584073662757874,0.0005565051251323894,0.0,-2.668100555187626
2026-01-29 15:17:01.242,103,-0.0009972131811082363,10.0,1.0273695662617683,0.00031522683275397867,0.0,9.203999706658177
2026-01-29 15:17:22.568,104,-0.003608059196267277,10.0,1.0464593321084976,0.002218740017269738,0.018798828125,1.4310927330124605
2026-01-29 15:17:44.055,105,-0.001974558224901557,10.0,1.0858142152428627,0.0018213414441561326,0.01904296875,13.55523098727148
2026-01-29 15:18:05.356,106,-0.0009193652658723295,10.0,0.9715878218412399,0.0003814451629295945,0.0,20.415812826541636
2026-01-29 15:18:26.723,107,-0.003497584315482527,10.0,1.0490624606609344,0.0018186104280175641,0.0146484375,35.27639807145968
2026-01-29 15:18:47.951,108,-0.001213417504914105,10.0,1.0457038283348083,0.0003144027868984267,0.0,25.757558473898666
2026-01-29 15:19:09.218,109,-0.0005035870708525181,10.0,1.019710160791874,0.00045211291580926627,0.0,36.895379271757584
2026-01-29 15:19:30.559,110,-0.0037520098267123103,10.0,1.0087663605809212,0.0019658033415907994,0.020263671875,37.56187628032065
2026-01-29 15:19:51.843,111,-0.005947600060608238,10.0,0.9878436252474785,0.0024177853629225865,0.013916015625,33.62341647731174
2026-01-29 15:20:13.231,112,-0.003016002068761736,10.0,0.9746866747736931,0.002375317315454595,0.01220703125,21.823079149631546
2026-01-29 15:20:34.559,113,-0.004317013896070421,10.0,1.068690799176693,0.0048656300496077165,0.068603515625,2.2616523373001236
2026-01-29 15:20:55.864,114,-0.0057622105814516544,10.0,1.057637482881546,0.0068347210471984,0.092041015625,-19.722050966686368
2026-01-29 15:21:17.247,115,-0.000984123325906694,10.0,1.0487601906061172,0.0016595559136476368,0.0048828125,-34.2786902248842
2026-01-29 15:21:38.518,116,0.00020749776740558445,10.0,1.031873993575573,0.0002218783920397982,0.0,-44.2440657850256
2026-01-29 15:21:59.874,117,-0.0011336674797348678,10.0,1.0381765067577362,0.000441114156274125,0.0,-47.773088417908625
2026-01-29 15:22:21.261,118,-0.0020268927910365164,10.0,1.0062232092022896,0.0006893900281284004,0.003662109375,-46.20355658672616
2026-01-29 15:22:42.716,119,-0.004659029305912554,10.0,1.1065991520881653,0.004421130346599966,0.0654296875,-58.25055678816774
2026-01-29 15:23:04.564,120,-0.001997983257751912,10.0,1.0445673763751984,0.00037440506275743246,0.0,-61.25659019092616
2026-01-29 15:23:25.978,121,0.00020598922856152058,10.0,1.0202535651624203,0.00028449516685213894,0.0,-51.30802581411782
2026-01-29 15:23:47.320,122,-0.0035063178511336446,10.0,1.0257707983255386,0.0011281587794655934,0.00439453125,-55.26419363289456
2026-01-29 15:24:08.753,123,-0.0028798142448067665,10.0,0.9691430553793907,0.002128997555701062,0.007568359375,-48.63882581602947
2026-01-29 15:24:30.280,124,-0.0024746342678554356,10.0,1.0101546868681908,0.003278755393694155,0.04296875,-26.54115881443883
2026-01-29 15:24:51.754,125,-0.0027565911295823753,10.0,1.11850955337286,0.003691939127747901,0.051025390625,-32.69438131227141
2026-01-29 15:25:13.377,126,-0.006475922069512308,10.0,1.0177480354905128,0.004452362671145238,0.061767578125,-36.39786156622692
2026-01-29 15:25:35.506,127,-0.0019232281483709812,10.0,1.024607714265585,0.0006807429599575698,0.000244140625,-41.6276592182447
2026-01-29 15:25:57.218,128,-0.001491782022640109,10.0,0.9748141169548035,0.0010197842493653297,0.004638671875,-36.59614597695154
2026-01-29 15:26:19.670,129,-0.0006377117242664099,10.0,0.981470599770546,0.0002876271464629099,0.0,-28.869501802310822
2026-01-29 15:26:41.378,130,-0.0010401452309451997,10.0,1.0156532973051071,0.001358983980026096,0.01171875,-36.38205777051937
2026-01-29 15:27:02.777,131,-0.002609114220831543,10.0,1.0178196169435978,0.0011619916913332418,0.005615234375,-32.98451943106904
2026-01-29 15:27:24.152,132,-0.00044604408321902156,10.0,1.0146902911365032,0.0002826125710271299,0.0,-34.688054042455185
2026-01-29 15:27:45.640,133,-0.003170424490235746,10.0,1.0259905904531479,0.002491728577297181,0.02880859375,-45.88280357337875
2026-01-29 15:28:07.030,134,-0.001209139241836965,10.0,1.0403120145201683,0.0017445420089643449,0.013427734375,-45.93372549776389
2026-01-29 15:28:28.332,135,-0.0015515174600295722,10.0,1.025163434445858,0.0008478775707772002,0.0,-39.24792178054868
2026-01-29 15:28:49.580,136,0.0002451986074447632,10.0,1.0425625070929527,0.00021074262622278184,0.0,-39.3632774384047
2026-01-29 15:29:10.900,137,-0.004380503320135176,10.0,0.9803733490407467,0.00412151611817535,0.05615234375,-38.70977059367767
2026-01-29 15:29:32.324,138,-0.004354125470854342,10.0,1.0936413183808327,0.002169361090636812,0.015869140625,-42.13243821672792
2026-01-29 15:29:53.694,139,-0.001585805555805564,10.0,1.0840305536985397,0.0015484046307392418,0.01025390625,-49.49829980684968
2026-01-29 15:30:15.052,140,-0.0004411821428220719,10.0,1.0241156816482544,0.00012808626343030483,0.0,-49.36803005141907
2026-01-29 15:30:36.980,141,-0.002999673830345273,10.0,0.9874409101903439,0.0008110851049423218,0.00439453125,-45.12144382320682
2026-01-29 15:30:58.315,142,0.00018369773169979453,10.0,0.9943587966263294,0.0012228686537127942,0.000244140625,-46.67398150767052
2026-01-29 15:31:19.659,143,-0.0026301993057131767,10.0,0.9820127747952938,0.0013703179138246924,0.00732421875,-44.59060056226568
2026-01-29 15:31:40.996,144,-0.0008811313891783357,10.0,1.0471910312771797,0.0002686303196242079,0.0,-41.26577195845706
2026-01-29 15:32:02.304,145,-0.0012363982386887074,10.0,0.9859690181910992,0.00045190859236754477,0.000244140625,-39.70668115012492
2026-01-29 15:32:23.730,146,-0.0008419167716056108,10.0,0.9762078784406185,0.000363933781045489,0.0,-23.233132200776215
2026-01-29 15:32:45.090,147,-0.0019648887682706118,10.0,1.0163283869624138,0.0024319919320987538,0.009521484375,-22.588079829825368
2026-01-29 15:33:06.599,148,-0.0004209370817989111,10.0,1.0411860197782516,0.0001708888594293967,0.0,-23.072381918021637
2026-01-29 15:33:27.940,149,-0.0003586665552575141,10.0,1.0069314129650593,0.00016726952162571251,0.0,-20.822246220531788
2026-01-29 15:33:49.301,150,-0.0014910863246768713,10.0,1.0400347337126732,0.0008798489143373445,0.004150390625,-24.37686642103276
2026-01-29 15:34:10.638,151,-0.002614618744701147,10.0,0.9556561410427094,0.0007395060238195583,0.000244140625,-22.94842263887122
2026-01-29 15:34:31.968,152,-0.0007825037755537778,10.0,0.9731989093124866,0.0002781722869258374,0.0,-24.99099651877746
2026-01-29 15:34:53.300,153,-0.0024497361737303436,10.0,1.074761040508747,0.0023595785605721176,0.008544921875,-22.547142752392354
2026-01-29 15:35:14.707,154,-0.0005647251382470131,10.0,1.027778796851635,0.0001746935013215989,0.0,-24.93664135164611
2026-01-29 15:35:36.144,155,-0.0014050088357180357,10.0,1.039194218814373,0.0009315059287473559,0.0,-26.615131749221298
2026-01-29 15:35:57.561,156,-0.0019937647157348692,10.0,0.9860605783760548,0.0012921942252432927,0.00048828125,-48.34791108996915
2026-01-29 15:36:18.958,157,-0.0008712775888852775,10.0,0.999654334038496,0.00020426617993507534,0.0,-54.82088724985315
2026-01-29 15:36:40.343,158,-0.00038711988599970937,10.0,1.0317687466740608,0.0003235371259506792,0.0,-60.190866637282625
2026-01-29 15:37:01.815,159,-0.001528292486909777,10.0,1.0191006697714329,0.0010164216655539349,0.00244140625,-59.70254871925147
2026-01-29 15:37:23.179,160,8.742703357711434e-05,10.0,1.0068291686475277,4.004088987130672e-05,0.0,-64.05255477456762
2026-01-29 15:37:44.594,161,-0.0014057924272492528,10.0,1.0380197614431381,0.0007343490869970992,0.000244140625,-68.74385215120631
2026-01-29 15:38:06.010,162,-0.0017956665251404047,10.0,1.0105882436037064,0.0018119369633495808,0.014892578125,-71.9782948748017
2026-01-29 15:38:27.681,163,-0.0010732722003012896,10.0,1.0261925086379051,0.00010340414883103222,0.0,-68.55794260702046
2026-01-29 15:38:49.074,164,-0.001018657989334315,10.0,1.043485552072525,0.0007861472695367411,0.0,-66.06681025755154
2026-01-29 15:39:10.496,165,0.00017494871281087399,10.0,1.0098568350076675,0.00011900256504304707,0.0,-60.28510187970697
2026-01-29 15:39:31.875,166,-0.003521624661516398,10.0,1.0251332744956017,0.0026331858680350706,0.02734375,-55.533352957501826
2026-01-29 15:39:53.113,167,-0.0007541263476014137,10.0,1.0345543697476387,0.00010046646639239043,0.0,-54.8668024591954
2026-01-29 15:40:14.599,168,-0.0032127739395946264,10.0,1.0105985440313816,0.002557351515861228,0.023193359375,-48.97474633443031
2026-01-29 15:40:36.006,169,-0.0011579840793274343,10.0,1.0351396761834621,0.00054098034161143,0.0,-53.79196791812865
2026-01-29 15:40:57.349,170,-0.0012515835696831346,10.0,1.0255754366517067,0.0006518615555251017,0.0,-56.55266915030295
2026-01-29 15:41:18.624,171,-0.001508210611063987,10.0,1.018888060003519,0.0003721440152730793,0.0,-54.65447184610103
2026-01-29 15:41:40.028,172,-0.0012586298398673534,10.0,1.0002753734588623,0.00025415566051378846,0.0,-58.17978059945335
2026-01-29 15:42:01.501,173,-0.00015320852980948985,10.0,1.0201371535658836,0.0005972120852675289,0.0,-59.832813371547424
2026-01-29 15:42:22.838,174,-0.00027305050753057003,10.0,1.0135443806648254,7.121689850464463e-05,0.0,-65.02720426116704
2026-01-29 15:42:44.267,175,-0.0005818421486765146,10.0,1.0150100253522396,0.0003177127364324406,0.0,-67.78130284282717
2026-01-29 15:43:05.803,176,-0.004043407097924501,10.0,1.0795068070292473,0.003011656750459224,0.02001953125,-68.54351159095634
2026-01-29 15:43:27.215,177,-0.0014693428529426455,10.0,1.0204029828310013,0.0016631534817861393,0.00341796875,-65.50759316551324
2026-01-29 15:43:48.441,178,-0.0008866678108461201,10.0,1.0018926113843918,0.00022951781284064054,0.0,-67.48404273855847
2026-01-29 15:44:09.835,179,-0.001893691485747695,10.0,1.044165350496769,0.0008012537873582914,0.0,-66.37789173666086
2026-01-29 15:44:31.163,180,-0.00013065943494439125,10.0,0.9919404201209545,0.0002088455221382901,0.0,-63.73493864340658
2026-01-29 15:44:52.399,181,-0.0009871379588730633,10.0,1.0564376264810562,0.000201359303900972,0.0,-60.54075016212107
2026-01-29 15:45:13.839,182,-0.0011665192723739892,10.0,1.0295759588479996,0.0008830975712044165,0.0,-55.740936825234655
2026-01-29 15:45:35.206,183,-0.002579284133389592,10.0,1.0034639835357666,0.0011865418491652235,0.004638671875,-55.14275078387452
2026-01-29 15:45:56.477,184,-0.0013733477680943906,10.0,1.035708099603653,0.0004998260410502553,0.0,-47.68563869948972
2026-01-29 15:46:17.710,185,-0.00192831369349733,10.0,0.9779129549860954,0.0010447169188410044,0.0,-43.09752159041757
2026-01-29 15:46:39.242,186,-0.00019658624660223722,10.0,0.9805474393069744,0.0001331676176050678,0.0,-42.70093563971605
2026-01-29 15:47:00.663,187,-0.00243957934435457,10.0,1.0460599958896637,0.0014947087038308382,0.001953125,-41.0088388654505
2026-01-29 15:47:22.124,188,-0.0007226497400552034,10.0,1.0360389202833176,0.000271486584097147,0.0,-39.501017872777155
2026-01-29 15:47:43.671,189,-0.0008438783697783947,10.0,1.0118419863283634,0.0005633751716231927,0.0,-36.37286165927652
2026-01-29 15:48:05.107,190,-0.0007053305162116885,10.0,1.043157272040844,0.00038848567055538297,0.0,-35.571392046816946
2026-01-29 15:48:26.797,191,-0.0003150037955492735,10.0,1.0097213573753834,0.00044358402374200523,0.0,-37.80666948441566
2026-01-29 15:48:48.246,192,-0.0035815247101709247,10.0,0.9826048910617828,0.001217952711158432,0.006591796875,-41.3292631764762
2026-01-29 15:49:09.508,193,9.71464323811233e-05,10.0,0.9730079397559166,0.00016803092148620635,0.0,-36.359919943507336
2026-01-29 15:49:30.826,194,-0.0007407380035147071,10.0,1.0510932803153992,0.0005044532153988257,0.0,-36.94377399744619
2026-01-29 15:49:52.289,195,-0.00012135866563767195,10.0,0.9844156168401241,4.913310112897307e-05,0.0,-41.86038961616555
2026-01-29 15:50:13.697,196,-0.0020554200164042413,10.0,1.0480768755078316,0.0009967592341126874,0.0009765625,-37.23527682319244
2026-01-29 15:50:35.055,197,-0.003905806690454483,10.0,1.0380369797348976,0.0013804122427245602,0.0107421875,-38.41245285435845
2026-01-29 15:50:56.499,198,-0.001935186330229044,10.0,0.9737348295748234,0.001656091641052626,0.0087890625,-36.616854803081196
2026-01-29 15:51:17.823,199,-4.7196459490805864e-05,10.0,1.0134819112718105,0.00011493350029923022,0.0,-35.31233112702759
2026-01-29 15:51:39.113,200,-0.0006625026580877602,10.0,1.0132484547793865,0.00014376331819221377,0.0,-31.745523487543466
2026-01-29 15:52:00.425,201,-0.0022095462772995234,10.0,0.974544920027256,0.0010817250731633976,0.0029296875,-24.621721301040996
2026-01-29 15:52:21.738,202,-0.007054299465380609,10.0,0.9845509566366673,0.002454425164614804,0.024169921875,-27.164819201530417
2026-01-29 15:52:43.247,203,-0.0008774942252784967,10.0,0.968726608902216,0.0003612985892686993,0.0,-23.132930110590387
2026-01-29 15:53:04.526,204,-0.0024337462382391095,10.0,0.9886692874133587,0.00038480290095321834,0.0,-24.25247657221724
2026-01-29 15:53:25.931,205,-0.002222734910901636,10.0,0.9501586593687534,0.0008970473718363792,0.000244140625,-26.70320650720809
2026-01-29 15:53:47.205,206,-0.0021613414282910526,10.0,1.006921362131834,0.0011894998169736937,0.001220703125,-28.40324751335205
2026-01-29 15:54:08.627,207,-0.0016446997178718448,10.0,0.9931103065609932,0.0015457459667231888,0.0048828125,-33.04712501677824
2026-01-29 15:54:29.896,208,-0.00014578970149159431,10.0,0.9735903479158878,0.00012858197442255914,0.0,-37.20961854801426
2026-01-29 15:54:51.161,209,-0.00035824658698402345,10.0,0.9768712967634201,0.00028381613083183765,0.0,-46.48234084685549
2026-01-29 15:55:12.654,210,-0.0006217202171683311,10.0,1.0202229470014572,0.0002249190438305959,0.0,-52.70169808378072
2026-01-29 15:55:33.944,211,-0.0005453708581626415,10.0,1.0284865535795689,0.0006882887828396633,0.0,-63.91645000042996
2026-01-29 15:55:55.258,212,-0.0008198946015909314,10.0,0.9992048889398575,0.00020602563745342195,0.0,-74.22183671899687
2026-01-29 15:56:16.527,213,-0.00212505049421452,10.0,0.9448520466685295,0.0011492807825561613,0.0,-83.09491918036794
2026-01-29 15:56:37.790,214,-0.000504850409924984,10.0,1.0466773137450218,0.00032139501126948744,0.0,-85.87990962042596
2026-01-29 15:56:59.112,215,-0.003155787126161158,10.0,1.0548077300190926,0.003679158733575605,0.03515625,-91.29469398074932
2026-01-29 15:57:20.405,216,-0.00018505242769606411,10.0,0.9950778223574162,6.324067362584174e-05,0.0,-93.36318368010134
2026-01-29 15:57:41.767,217,-0.0002516071544960141,10.0,0.9953427352011204,4.1798019083216786e-05,0.0,-97.25941566703975
2026-01-29 15:58:03.264,218,-0.0012412017676979303,10.0,0.9909990727901459,0.00035147398011758924,0.0,-96.4257886254174
2026-01-29 15:58:24.568,219,-0.001134215504862368,10.0,1.0633842274546623,0.0007073066371958703,0.000244140625,-87.780938105043
2026-01-29 15:58:45.845,220,-0.0001885552192106843,10.0,1.0044688507914543,5.110414349474013e-05,0.0,-87.24706235210496
2026-01-29 15:59:07.167,221,-0.002317354897968471,10.0,1.0355590358376503,0.0012101465690648183,0.00146484375,-84.5574309018617
2026-01-29 15:59:28.493,222,-0.0003465051995590329,10.0,1.018563847988844,0.00043516191362868994,0.0,-74.54497213368037
2026-01-29 15:59:49.789,223,-0.00043279025703668594,10.0,0.9932535327970982,0.00036798010114580393,0.0,-73.36331107989263
2026-01-29 16:00:11.043,224,-0.0014261738979257643,10.0,1.0163224898278713,0.0004096801858395338,0.00048828125,-67.11670596665144
2026-01-29 16:00:32.437,225,-0.0006522862240672112,10.0,0.9995657242834568,0.00023424487153533846,0.0,-62.44216627876604
2026-01-29 16:00:53.739,226,-6.499863229691982e-05,10.0,1.0155992731451988,6.031570956110954e-05,0.0,-53.9674333287211
2026-01-29 16:01:15.064,227,-3.706198185682297e-05,10.0,0.9762518852949142,3.494256816338748e-05,0.0,-46.525373562989145
2026-01-29 16:01:36.318,228,-0.0002683255588635802,10.0,0.9890306517481804,6.0744190705008805e-05,0.0,-43.47738376895033
2026-01-29 16:01:57.692,229,-0.002277843072079122,10.0,0.9774951934814453,0.0005086852615932003,0.0,-43.969575479758944
2026-01-29 16:02:19.014,230,-0.00319739303085953,10.0,1.0283758863806725,0.0018715291080297902,0.007568359375,-41.979697713554366
2026-01-29 16:02:40.292,231,2.5159562937915325e-05,10.0,1.01294619217515,0.00023426023835781962,0.0,-36.50187067049747
2026-01-29 16:03:01.588,232,-0.0005283032369334251,10.0,1.020463950932026,3.564567305147648e-05,0.0,-38.822846696851386
2026-01-29 16:03:23.053,233,-0.000694434973411262,10.0,1.0026112236082554,0.00019289361080154777,0.0,-36.00984055279068
2026-01-29 16:03:44.378,234,-0.00035824626684188843,10.0,0.9921620562672615,7.143814582377672e-05,0.0,-33.33201549852128
2026-01-29 16:04:05.608,235,-0.0005481733824126422,10.0,0.9909088499844074,8.955750672612339e-05,0.0,-32.501763093485096
2026-01-29 16:04:27.180,236,-0.0007356886053457856,10.0,0.9873912781476974,0.00019368238281458616,0.0,-34.23501175841741
2026-01-29 16:04:48.563,237,-0.0006473906105384231,10.0,1.0046086311340332,0.00020085874712094665,0.0,-36.64096679029752
2026-01-29 16:05:09.851,238,-0.0009125405922532082,10.0,0.9710103496909142,0.0002468564343871549,0.0,-38.011545300591074
2026-01-29 16:05:31.122,239,-0.000435815891250968,10.0,1.0056410506367683,2.496196248102933e-05,0.0,-32.80782018768586
2026-01-29 16:05:52.409,240,-0.000264232512563467,10.0,1.002491444349289,8.235150016844273e-05,0.0,-30.877140202445776
2026-01-29 16:06:13.828,241,-0.0003003873862326145,10.0,1.0077478103339672,3.626001125667244e-05,0.0,-27.821813234754938
2026-01-29 16:06:35.226,242,-0.0003058496513403952,10.0,0.9924527406692505,6.968528032302856e-05,0.0,-20.765912540298533
2026-01-29 16:06:56.504,243,-0.0006923220353201032,10.0,0.9972110241651535,0.00014880066737532616,0.0,-26.281331864722297
2026-01-29 16:07:17.748,244,-0.0010200634133070707,10.0,0.9972620494663715,0.00033926260948646814,0.0,-29.149062507007073
2026-01-29 16:07:39.086,245,-0.0027141199680045247,10.0,1.0297065377235413,0.0008299897890537977,0.001708984375,-32.14873773286316
2026-01-29 16:08:00.366,246,-0.0011233543045818806,10.0,1.0194585397839546,0.0005333158042049035,0.0,-27.453512004397872
2026-01-29 16:08:22.179,247,-0.0006451832014136016,10.0,1.033093012869358,0.00026678486028686166,0.0,-26.29436548001239
2026-01-29 16:08:43.753,248,-0.0009126212680712342,10.0,1.0071895867586136,0.00014748855028301477,0.0,-29.77162097913933
2026-01-29 16:09:05.055,249,-0.00020616647088900208,10.0,1.0238270834088326,0.00020084255083929747,0.0,-27.74796766171408
2026-01-29 16:09:26.372,250,-0.00021915603429079056,10.0,1.0316733196377754,2.5292421923950315e-05,0.0,-31.258166492360555
2026-01-29 16:09:47.735,251,-0.0009678201749920845,10.0,0.9613654762506485,0.00017049240705091506,0.0,-32.8692121190816
2026-01-29 16:10:09.155,252,-0.001083697541616857,10.0,0.9657534435391426,0.00028159610519651324,0.0,-34.245404479414816
2026-01-29 16:10:30.500,253,-0.00045327760744839907,10.0,0.9945174045860767,7.849879330024123e-05,0.0,-31.476504795872494
2026-01-29 16:10:51.778,254,-0.00013966381084173918,10.0,1.0202394276857376,0.00014648918295279145,0.0,-26.938887449022097
2026-01-29 16:11:13.123,255,4.1141058318316936e-05,9.989837646484375,1.0448131188750267,2.6105233700945973e-05,0.0,-25.01261781978498
2026-01-29 16:11:34.446,256,-0.0005778420600108802,10.0,0.9902189373970032,4.931232251692563e-05,0.0,-28.560909523451052
2026-01-29 16:11:55.774,257,-0.0004880781634710729,10.0,0.9844748973846436,9.195998427458107e-05,0.0,-29.529336106404013
2026-01-29 16:12:17.041,258,-0.00033298006746917963,10.0,1.020212210714817,5.8613019064068794e-05,0.0,-29.031570880919467
2026-01-29 16:12:38.253,259,-0.0006213748129084706,10.0,1.014435090124607,6.740906974300742e-05,0.0,-30.50179779239432
2026-01-29 16:12:59.488,260,-0.0015816710656508803,10.0,0.9630106948316097,0.0002764181117527187,0.0,-29.0476004571945
2026-01-29 16:13:20.869,261,-0.0005310205742716789,10.0,0.9823326095938683,0.0001740115840220824,0.0,-28.07478017186952
2026-01-29 16:13:42.163,262,-0.000588646624237299,10.0,0.9985086843371391,5.2217976190149784e-05,0.0,-32.2945341581685
2026-01-29 16:14:03.622,263,-0.000668114225845784,10.0,0.9815332889556885,0.00021916894183959812,0.0,-32.377793842505895
2026-01-29 16:14:24.874,264,-0.0003945617354474962,10.0,0.9338250271975994,6.94133632350713e-05,0.0,-30.613020249139304
2026-01-29 16:14:46.298,265,-0.00024468539049848914,10.0,1.0044358111917973,5.261691694613546e-05,0.0,-28.85139236575838
2026-01-29 16:15:07.696,266,-0.0004963752580806613,10.0,0.9950416311621666,9.105123172048479e-05,0.0,-27.689514113737847
2026-01-29 16:15:29.064,267,-0.0006528523517772555,10.0,0.9623500183224678,8.834376058075577e-05,0.0,-30.515142016656785
2026-01-29 16:15:50.344,268,-0.00020540808327496052,10.0,1.0058801546692848,1.2177246389910579e-05,0.0,-29.64877485734501
2026-01-29 16:16:11.702,269,-0.0004611246404238045,10.0,1.0181589536368847,4.714285023510456e-05,0.0,-28.406792707001976
2026-01-29 16:16:33.264,270,-0.00031529890839010477,10.0,1.0059732906520367,3.4165437682531774e-05,0.0,-37.05129724686576
2026-01-29 16:16:54.736,271,-0.0004340296145528555,10.0,0.9853534810245037,4.0950035327114165e-05,0.0,-39.70148425235495
2026-01-29 16:17:16.141,272,-4.7014327719807625e-06,10.0,0.9975552409887314,3.360092523507774e-05,0.0,-39.19511810094484
2026-01-29 16:17:37.485,273,-0.00024977076100185513,10.0,0.9932279363274574,6.685781409032643e-05,0.0,-37.33943948668476
2026-01-29 16:17:58.872,274,-7.848278619349003e-05,9.942568361759186,0.9940601177513599,1.9510960555635393e-05,0.0,-45.78965354358112
2026-01-29 16:18:20.196,275,-0.00019256246741861105,10.0,0.9813666678965092,2.2519845515489578e-05,0.0,-50.850278244906576
2026-01-29 16:18:41.626,276,-0.0001448776456527412,10.0,0.984174557030201,1.6544072423130274e-05,0.0,-53.594193163102375
2026-01-29 16:19:03.425,277,-0.0005655220011249185,10.0,0.961244959384203,5.226986831985414e-05,0.0,-51.86345194948412
2026-01-29 16:19:24.702,278,0.00010335061233490705,10.0,0.9652111865580082,9.432653314433992e-06,0.0,-56.68505571264643
2026-01-29 16:19:46.107,279,-6.411242065951228e-05,10.0,1.035606749355793,1.6546473489142954e-05,0.0,-59.78558515532295
2026-01-29 16:20:07.377,280,2.8551672585308552e-05,10.0,1.0034429654479027,1.3537646736949682e-06,0.0,-51.27408447444192
2026-01-29 16:20:28.583,281,-0.00033163389889523387,10.0,0.9943289011716843,2.804468385875225e-05,0.0,-54.53924993445959
2026-01-29 16:20:49.898,282,-0.000170838029589504,10.0,0.9698588028550148,3.606847894843668e-05,0.0,-51.95187709525491
2026-01-29 16:21:11.213,283,-0.00016316096298396587,10.0,0.9658857434988022,1.3167489669285715e-05,0.0,-52.9560896471667
2026-01-29 16:21:32.536,284,-0.0002931576455011964,10.0,0.9586207270622253,1.3720666174776852e-05,0.0,-41.929477197777416
2026-01-29 16:21:53.874,285,-6.904941983520985e-06,10.0,1.0225982889533043,8.363233064301312e-06,0.0,-44.78586551646827
2026-01-29 16:22:15.127,286,-0.00022836972493678331,10.0,0.9873135462403297,1.840530603658408e-05,0.0,-48.87796866844918
2026-01-29 16:22:36.501,287,-7.727381307631731e-05,9.880332589149475,0.9921418838202953,1.6343299648724496e-05,0.0,-47.861278651298804
2026-01-29 16:22:57.763,288,3.5588745959103107e-06,10.0,0.9913695082068443,2.4028413463383913e-06,0.0,-52.15365504229711
2026-01-29 16:23:18.996,289,-0.00021563813788816333,10.0,0.9812288917601109,9.687544661574066e-06,0.0,-54.98317722645097
2026-01-29 16:23:40.224,290,1.571991015225649e-05,10.0,0.9961689300835133,6.030735676176846e-06,0.0,-51.327159496343675
2026-01-29 16:24:01.545,291,-0.0002523184521123767,10.0,0.9363121166825294,1.2545249774120748e-05,0.0,-54.44310938201936
2026-01-29 16:24:22.975,292,-3.943132469430566e-05,10.0,0.9930550381541252,6.16069883108139e-06,0.0,-54.18558333872134
2026-01-29 16:24:44.249,293,-9.474385296925902e-05,10.0,1.001566480845213,3.6852434277534485e-06,0.0,-60.6418402145415
2026-01-29 16:25:05.470,294,-5.581288132816553e-05,10.0,1.0211191065609455,5.726935341954231e-06,0.0,-63.023569979409025
2026-01-29 16:25:26.795,295,-0.00026519427774474025,10.0,0.9871829859912395,5.766501999460161e-06,0.0,-60.73220872331567
2026-01-29 16:25:48.180,296,3.875786205753684e-05,10.0,1.0271164029836655,4.883477231487632e-07,0.0,-63.14033226837876
2026-01-29 16:26:09.450,297,-0.00010958296479657292,10.0,1.0440018102526665,2.8292706701904535e-06,0.0,-61.34005110932922
2026-01-29 16:26:30.792,298,-9.058043360710144e-06,10.0,1.0213861539959908,8.764473022893071e-07,0.0,-61.56126053493382
2026-01-29 16:26:52.237,299,-2.5050481781363487e-05,10.0,1.008600577712059,2.2865424398332834e-07,0.0,-62.07703966331195
2026-01-29 16:27:13.572,300,-1.4314893633127213e-05,10.0,0.9911509603261948,1.2048985809087753e-07,0.0,-67.5752757694186
